title,url
Heavy rain in Spain ends four years of drought,https://www.reddit.com/r/climatechange/comments/1jafrl9/heavy_rain_in_spain_ends_four_years_of_drought/
Scientists brought to tears by huge loss of U.S. butterflies,https://www.reddit.com/r/climatechange/comments/1j6s9et/scientists_brought_to_tears_by_huge_loss_of_us/
"Trump job cuts — The NOAA on Tuesday began plans to lay off 10% of the current 10,290 work force — After this upcoming round of cuts, NOAA will have eliminated about 1 out of 4 jobs since Trump took office in January — Former NOAA Administrator Rick Spinrad: “It is the first steps toward eradication",https://www.reddit.com/r/climatechange/comments/1ja6i3x/trump_job_cuts_the_noaa_on_tuesday_began_plans_to/
Trump pushes to cut down protected US trees,https://www.reddit.com/r/climatechange/comments/1j5edxu/trump_pushes_to_cut_down_protected_us_trees/
Electric Construction Equipment Promises a Quiet Revolution,https://www.reddit.com/r/climatechange/comments/1jajlq9/electric_construction_equipment_promises_a_quiet/
The world has probably passed “peak air pollution”,https://www.reddit.com/r/climatechange/comments/1j9v98l/the_world_has_probably_passed_peak_air_pollution/
Secretary Hegseth says the DOD does not do 'climate change crap',https://www.reddit.com/r/climatechange/comments/1j87bml/secretary_hegseth_says_the_dod_does_not_do/
"People are planting lots of trees in the hope that it will help slow climate change, but it turns out it works better if they don't plant the same trees at all.",https://www.reddit.com/r/climatechange/comments/1ja4t5o/people_are_planting_lots_of_trees_in_the_hope/
'Goal is destruction': Fired Calif. NOAA scientists warn of dire global consequences,https://www.reddit.com/r/climatechange/comments/1j5qn1s/goal_is_destruction_fired_calif_noaa_scientists/
"Practical, Scientifically-Backed Solutions for Climate Change: What Can We Do Now?",https://www.reddit.com/r/climatechange/comments/1ja6sy1/practical_scientificallybacked_solutions_for/
EPA Launches Biggest Deregulatory Action in U.S. History | US EPA,https://www.reddit.com/r/climatechange/comments/1j9ucit/epa_launches_biggest_deregulatory_action_in_us/
"EPA head says he'll roll back dozens of environmental regulations, including rules on climate change",https://www.reddit.com/r/climatechange/comments/1ja6nhx/epa_head_says_hell_roll_back_dozens_of/
"In Feb 2025, with respect to the Earth's surface area that is generally limited to 45ºS to 75ºN, the percentage of the area with a record-warm monthly mean temperature was 3,451.7 times the percentage of the area with a record-cold monthly mean temp in the 1951–2025 record, according to NOAA data",https://www.reddit.com/r/climatechange/comments/1j9znvw/in_feb_2025_with_respect_to_the_earths_surface/
"In a historic first, wind and solar combined overtake coal in the US",https://www.reddit.com/r/climatechange/comments/1j9ixjf/in_a_historic_first_wind_and_solar_combined/
"Americans Have Become More Aware That Climate Change Is Harmful to Their Health, Survey Says",https://www.reddit.com/r/climatechange/comments/1j9dkpv/americans_have_become_more_aware_that_climate/
How future climate conditions will transform plant growth,https://www.reddit.com/r/climatechange/comments/1j9s0yg/how_future_climate_conditions_will_transform/
Should Americans actually be blamed for not riding trains if there are no viable trains to take?,https://www.reddit.com/r/climatechange/comments/1j9n3yf/should_americans_actually_be_blamed_for_not/
US farmers switch to renting out sheep as lawn mowers for solar sites,https://www.reddit.com/r/climatechange/comments/1j8uppu/us_farmers_switch_to_renting_out_sheep_as_lawn/
Rainforest for highway,https://www.reddit.com/r/climatechange/comments/1j9mhih/rainforest_for_highway/
"Gasoline sales in China averaged 13.2 million tons a month in 2024, down 9% from 2023 levels",https://www.reddit.com/r/climatechange/comments/1j8uddx/gasoline_sales_in_china_averaged_132_million_tons/
Trump executive orders to increase logging in national forests,https://www.reddit.com/r/climatechange/comments/1j8l2kc/trump_executive_orders_to_increase_logging_in/
What will be the safest place to live in the coming years due to climate change?,https://www.reddit.com/r/climatechange/comments/1j821qd/what_will_be_the_safest_place_to_live_in_the/
US exits $9.3 billion climate deal with developing nations – DW,https://www.reddit.com/r/climatechange/comments/1j52ju0/us_exits_93_billion_climate_deal_with_developing/
"New spiral graph shows that the ERA5 1940-2024 daily global mean temp relative to 1850-1900 exceeded +1.75ºC for the first time in Feb 2016 — Calculations based on ERA5 data show that on day 24, the daily temp was +1.77ºC relative to the Feb 24, 1850-1900 average and reached +1.89ºC on Feb 28, 2016",https://www.reddit.com/r/climatechange/comments/1j8d5hz/new_spiral_graph_shows_that_the_era5_19402024/
U.S. Climate Aid Cuts to Leave Huge Gap in Global Funding,https://www.reddit.com/r/climatechange/comments/1j801al/us_climate_aid_cuts_to_leave_huge_gap_in_global/
Is coff-999 a lie?,https://www.reddit.com/r/climatechange/comments/1j94l0w/is_coff999_a_lie/
Solar adds more new capacity to the US grid in 2024 than any energy source in 20 years,https://www.reddit.com/r/climatechange/comments/1j8s33w/solar_adds_more_new_capacity_to_the_us_grid_in/
"Besides reaching net zero, could we go carbon negative? And would that save us?",https://www.reddit.com/r/climatechange/comments/1j93767/besides_reaching_net_zero_could_we_go_carbon/
Trump pushes to cut down protected US trees,https://www.reddit.com/r/climatechange/comments/1j5edxu/trump_pushes_to_cut_down_protected_us_trees/
Electric Construction Equipment Promises a Quiet Revolution,https://www.reddit.com/r/climatechange/comments/1jajlq9/electric_construction_equipment_promises_a_quiet/
The world has probably passed “peak air pollution”,https://www.reddit.com/r/climatechange/comments/1j9v98l/the_world_has_probably_passed_peak_air_pollution/
Secretary Hegseth says the DOD does not do 'climate change crap',https://www.reddit.com/r/climatechange/comments/1j87bml/secretary_hegseth_says_the_dod_does_not_do/
"People are planting lots of trees in the hope that it will help slow climate change, but it turns out it works better if they don't plant the same trees at all.",https://www.reddit.com/r/climatechange/comments/1ja4t5o/people_are_planting_lots_of_trees_in_the_hope/
'Goal is destruction': Fired Calif. NOAA scientists warn of dire global consequences,https://www.reddit.com/r/climatechange/comments/1j5qn1s/goal_is_destruction_fired_calif_noaa_scientists/
"Practical, Scientifically-Backed Solutions for Climate Change: What Can We Do Now?",https://www.reddit.com/r/climatechange/comments/1ja6sy1/practical_scientificallybacked_solutions_for/
EPA Launches Biggest Deregulatory Action in U.S. History | US EPA,https://www.reddit.com/r/climatechange/comments/1j9ucit/epa_launches_biggest_deregulatory_action_in_us/
"EPA head says he'll roll back dozens of environmental regulations, including rules on climate change",https://www.reddit.com/r/climatechange/comments/1ja6nhx/epa_head_says_hell_roll_back_dozens_of/
"In Feb 2025, with respect to the Earth's surface area that is generally limited to 45ºS to 75ºN, the percentage of the area with a record-warm monthly mean temperature was 3,451.7 times the percentage of the area with a record-cold monthly mean temp in the 1951–2025 record, according to NOAA data",https://www.reddit.com/r/climatechange/comments/1j9znvw/in_feb_2025_with_respect_to_the_earths_surface/
"In a historic first, wind and solar combined overtake coal in the US",https://www.reddit.com/r/climatechange/comments/1j9ixjf/in_a_historic_first_wind_and_solar_combined/
"Americans Have Become More Aware That Climate Change Is Harmful to Their Health, Survey Says",https://www.reddit.com/r/climatechange/comments/1j9dkpv/americans_have_become_more_aware_that_climate/
How future climate conditions will transform plant growth,https://www.reddit.com/r/climatechange/comments/1j9s0yg/how_future_climate_conditions_will_transform/
Should Americans actually be blamed for not riding trains if there are no viable trains to take?,https://www.reddit.com/r/climatechange/comments/1j9n3yf/should_americans_actually_be_blamed_for_not/
US farmers switch to renting out sheep as lawn mowers for solar sites,https://www.reddit.com/r/climatechange/comments/1j8uppu/us_farmers_switch_to_renting_out_sheep_as_lawn/
Rainforest for highway,https://www.reddit.com/r/climatechange/comments/1j9mhih/rainforest_for_highway/
"Gasoline sales in China averaged 13.2 million tons a month in 2024, down 9% from 2023 levels",https://www.reddit.com/r/climatechange/comments/1j8uddx/gasoline_sales_in_china_averaged_132_million_tons/
Trump executive orders to increase logging in national forests,https://www.reddit.com/r/climatechange/comments/1j8l2kc/trump_executive_orders_to_increase_logging_in/
What will be the safest place to live in the coming years due to climate change?,https://www.reddit.com/r/climatechange/comments/1j821qd/what_will_be_the_safest_place_to_live_in_the/
US exits $9.3 billion climate deal with developing nations – DW,https://www.reddit.com/r/climatechange/comments/1j52ju0/us_exits_93_billion_climate_deal_with_developing/
"New spiral graph shows that the ERA5 1940-2024 daily global mean temp relative to 1850-1900 exceeded +1.75ºC for the first time in Feb 2016 — Calculations based on ERA5 data show that on day 24, the daily temp was +1.77ºC relative to the Feb 24, 1850-1900 average and reached +1.89ºC on Feb 28, 2016",https://www.reddit.com/r/climatechange/comments/1j8d5hz/new_spiral_graph_shows_that_the_era5_19402024/
U.S. Climate Aid Cuts to Leave Huge Gap in Global Funding,https://www.reddit.com/r/climatechange/comments/1j801al/us_climate_aid_cuts_to_leave_huge_gap_in_global/
Is coff-999 a lie?,https://www.reddit.com/r/climatechange/comments/1j94l0w/is_coff999_a_lie/
Solar adds more new capacity to the US grid in 2024 than any energy source in 20 years,https://www.reddit.com/r/climatechange/comments/1j8s33w/solar_adds_more_new_capacity_to_the_us_grid_in/
"Besides reaching net zero, could we go carbon negative? And would that save us?",https://www.reddit.com/r/climatechange/comments/1j93767/besides_reaching_net_zero_could_we_go_carbon/
Significance of tool that will compare rainfall reanalysis datasets.,https://www.reddit.com/r/climatechange/comments/1j8q485/significance_of_tool_that_will_compare_rainfall/
How many more species will we let disappear? Extinctions will accelerate rapidly if global temperatures continue to rise. Cutting emissions has to come first.,https://www.reddit.com/r/climatechange/comments/1j61sdg/how_many_more_species_will_we_let_disappear/
NG to H2 peaker plants,https://www.reddit.com/r/climatechange/comments/1j8f2aq/ng_to_h2_peaker_plants/
is the world ever getting colder?,https://www.reddit.com/r/climatechange/comments/1j8ex5k/is_the_world_ever_getting_colder/
What's a good way to approach a conversation with someone who is skeptical of the scientific community?,https://www.reddit.com/r/climatechange/comments/1j8es58/whats_a_good_way_to_approach_a_conversation_with/
Cologne gets Europe's largest river water heat pump,https://www.reddit.com/r/climatechange/comments/1j8696c/cologne_gets_europes_largest_river_water_heat_pump/
Terrifying NASA map shows major California cities set to be underwater soon,https://www.reddit.com/r/climatechange/comments/1j76xos/terrifying_nasa_map_shows_major_california_cities/
my roommate refuses to compost,https://www.reddit.com/r/climatechange/comments/1j86jbr/my_roommate_refuses_to_compost/
Cost-cutting measure: US embassies no longer publish air quality data,https://www.reddit.com/r/climatechange/comments/1j4ptmx/costcutting_measure_us_embassies_no_longer/
"Are we actually making progress on climate change, or are we just fooling ourselves?",https://www.reddit.com/r/climatechange/comments/1j7wsf3/are_we_actually_making_progress_on_climate_change/
New Study Says Climate Change Could Be The Unexpected Satellite Killer,https://www.reddit.com/r/climatechange/comments/1j86bnn/new_study_says_climate_change_could_be_the/
Carbon neutral by 2029? It’s not a pipe dream for this Danish town,https://www.reddit.com/r/climatechange/comments/1j7z1bq/carbon_neutral_by_2029_its_not_a_pipe_dream_for/
Supreme Court Rules the Clean Water Act Doesn’t Actually Require That Water Be Clean,https://www.reddit.com/r/climatechange/comments/1j3wjmm/supreme_court_rules_the_clean_water_act_doesnt/
"New study — The ability of our planet's plants and soils to absorb CO2 peaked in 2008, has been falling ever since, and now is declining by 0.25% per year — Atmospheric concentrations will rise more rapidly than previously, in proportion to annual CO2 emissions, accelerating climate change",https://www.reddit.com/r/climatechange/comments/1j3ykq5/new_study_the_ability_of_our_planets_plants_and/
Germany - Electric cars: charging infrastructure continues to grow strongly,https://www.reddit.com/r/climatechange/comments/1j3wfj4/germany_electric_cars_charging_infrastructure/
"""The Reckoning:"" Many excellent articles about the Trump administration's impact on climate change policy, research, staffing, and data; e.g., national forests may be decimated",https://www.reddit.com/r/climatechange/comments/1j56qs0/the_reckoning_many_excellent_articles_about_the/
AMOC collapse question,https://www.reddit.com/r/climatechange/comments/1j7w26n/amoc_collapse_question/
Study: World's Strongest Ocean Current Will Slow 20% by 2050,https://www.reddit.com/r/climatechange/comments/1j3qmj2/study_worlds_strongest_ocean_current_will_slow_20/
Can someone tell me whether Australia is getting hotter or is it just me?,https://www.reddit.com/r/climatechange/comments/1j77n6g/can_someone_tell_me_whether_australia_is_getting/
“Cool” years are now hotter than the “warm” years of the past: tracking global temperatures through El Niño and La Niña,https://www.reddit.com/r/climatechange/comments/1j355l3/cool_years_are_now_hotter_than_the_warm_years_of/
Microplastic Pollution Is Messing with Photosynthesis in Plants | Scientific American,https://www.reddit.com/r/climatechange/comments/1j8e1iu/microplastic_pollution_is_messing_with/
State Department suspends reporting air quality levels staff and families relied on overseas - CBS News,https://www.reddit.com/r/climatechange/comments/1j7cwfl/state_department_suspends_reporting_air_quality/
We already geoengineer—we just do it poorly,https://www.reddit.com/r/climatechange/comments/1j32trr/we_already_geoengineerwe_just_do_it_poorly/
"A tiny island country is selling citizenship for $105,000 to save itself from rising seas",https://www.reddit.com/r/climatechange/comments/1j5k0c9/a_tiny_island_country_is_selling_citizenship_for/
Why do some people not believe in climate change?,https://www.reddit.com/r/climatechange/comments/1j2wt42/why_do_some_people_not_believe_in_climate_change/
Significance of tool that will compare rainfall reanalysis datasets.,https://www.reddit.com/r/climatechange/comments/1j8q485/significance_of_tool_that_will_compare_rainfall/
How many more species will we let disappear? Extinctions will accelerate rapidly if global temperatures continue to rise. Cutting emissions has to come first.,https://www.reddit.com/r/climatechange/comments/1j61sdg/how_many_more_species_will_we_let_disappear/
NG to H2 peaker plants,https://www.reddit.com/r/climatechange/comments/1j8f2aq/ng_to_h2_peaker_plants/
is the world ever getting colder?,https://www.reddit.com/r/climatechange/comments/1j8ex5k/is_the_world_ever_getting_colder/
What's a good way to approach a conversation with someone who is skeptical of the scientific community?,https://www.reddit.com/r/climatechange/comments/1j8es58/whats_a_good_way_to_approach_a_conversation_with/
Cologne gets Europe's largest river water heat pump,https://www.reddit.com/r/climatechange/comments/1j8696c/cologne_gets_europes_largest_river_water_heat_pump/
Terrifying NASA map shows major California cities set to be underwater soon,https://www.reddit.com/r/climatechange/comments/1j76xos/terrifying_nasa_map_shows_major_california_cities/
my roommate refuses to compost,https://www.reddit.com/r/climatechange/comments/1j86jbr/my_roommate_refuses_to_compost/
Cost-cutting measure: US embassies no longer publish air quality data,https://www.reddit.com/r/climatechange/comments/1j4ptmx/costcutting_measure_us_embassies_no_longer/
"Are we actually making progress on climate change, or are we just fooling ourselves?",https://www.reddit.com/r/climatechange/comments/1j7wsf3/are_we_actually_making_progress_on_climate_change/
New Study Says Climate Change Could Be The Unexpected Satellite Killer,https://www.reddit.com/r/climatechange/comments/1j86bnn/new_study_says_climate_change_could_be_the/
Carbon neutral by 2029? It’s not a pipe dream for this Danish town,https://www.reddit.com/r/climatechange/comments/1j7z1bq/carbon_neutral_by_2029_its_not_a_pipe_dream_for/
Supreme Court Rules the Clean Water Act Doesn’t Actually Require That Water Be Clean,https://www.reddit.com/r/climatechange/comments/1j3wjmm/supreme_court_rules_the_clean_water_act_doesnt/
"New study — The ability of our planet's plants and soils to absorb CO2 peaked in 2008, has been falling ever since, and now is declining by 0.25% per year — Atmospheric concentrations will rise more rapidly than previously, in proportion to annual CO2 emissions, accelerating climate change",https://www.reddit.com/r/climatechange/comments/1j3ykq5/new_study_the_ability_of_our_planets_plants_and/
Germany - Electric cars: charging infrastructure continues to grow strongly,https://www.reddit.com/r/climatechange/comments/1j3wfj4/germany_electric_cars_charging_infrastructure/
"""The Reckoning:"" Many excellent articles about the Trump administration's impact on climate change policy, research, staffing, and data; e.g., national forests may be decimated",https://www.reddit.com/r/climatechange/comments/1j56qs0/the_reckoning_many_excellent_articles_about_the/
AMOC collapse question,https://www.reddit.com/r/climatechange/comments/1j7w26n/amoc_collapse_question/
Study: World's Strongest Ocean Current Will Slow 20% by 2050,https://www.reddit.com/r/climatechange/comments/1j3qmj2/study_worlds_strongest_ocean_current_will_slow_20/
Can someone tell me whether Australia is getting hotter or is it just me?,https://www.reddit.com/r/climatechange/comments/1j77n6g/can_someone_tell_me_whether_australia_is_getting/
“Cool” years are now hotter than the “warm” years of the past: tracking global temperatures through El Niño and La Niña,https://www.reddit.com/r/climatechange/comments/1j355l3/cool_years_are_now_hotter_than_the_warm_years_of/
Microplastic Pollution Is Messing with Photosynthesis in Plants | Scientific American,https://www.reddit.com/r/climatechange/comments/1j8e1iu/microplastic_pollution_is_messing_with/
State Department suspends reporting air quality levels staff and families relied on overseas - CBS News,https://www.reddit.com/r/climatechange/comments/1j7cwfl/state_department_suspends_reporting_air_quality/
"More NOAA Employees May Be Let Go, Making 20% of Staff Cut",https://www.reddit.com/r/climatechange/comments/1j7t00l/more_noaa_employees_may_be_let_go_making_20_of/
Reaching Net Zero Is Getting Cheaper in the UK,https://www.reddit.com/r/climatechange/comments/1j0hnol/reaching_net_zero_is_getting_cheaper_in_the_uk/
"Cloud-seeding effort focuses on Front Range, eastern Colorado rivers",https://www.reddit.com/r/climatechange/comments/1j2oqg5/cloudseeding_effort_focuses_on_front_range/
This Danish renewables developer sold its largest US solar farm,https://www.reddit.com/r/climatechange/comments/1istupl/this_danish_renewables_developer_sold_its_largest/
"73% of people in US think global warming is happening. 60% understand it is mostly human-caused. 56% say extreme weather poses a risk to their community over next 10 years. (Climate Change in the American Mind: Beliefs & Attitudes, Fall 2024.)",https://www.reddit.com/r/climatechange/comments/1iq4lv1/73_of_people_in_us_think_global_warming_is/
Am I wrong about ocean algae?,https://www.reddit.com/r/climatechange/comments/1ipekuz/am_i_wrong_about_ocean_algae/
"World Likely to Breach 1.5-Degree Target, Research Finds",https://www.reddit.com/r/climatechange/comments/1imz1ma/world_likely_to_breach_15degree_target_research/
